"","GeoAreaCode","GeoAreaName","TimePeriod","Pct_PL_Overall","Pct_PL_Female","Pct_PL_Male"
"1",1,"World",2000,26.3,27.3,25.7
"2",1,"World",2001,25.2,26.1,24.7
"3",1,"World",2002,23.7,24.4,23.3
"4",1,"World",2003,22.2,22.8,21.8
"5",1,"World",2004,20.4,20.8,20.1
"6",1,"World",2005,18.7,19,18.5
"7",1,"World",2006,17.7,17.9,17.6
"8",1,"World",2007,16.7,16.8,16.6
"9",1,"World",2008,16.2,16.3,16.1
"10",1,"World",2009,15.1,15.1,15.1
"11",1,"World",2010,14.2,14.2,14.3
"12",1,"World",2011,12.4,12.5,12.4
"13",1,"World",2012,11.1,11.3,11
"14",1,"World",2013,9.5,9.5,9.5
"15",1,"World",2014,9,9.1,9
"16",1,"World",2015,8.6,8.7,8.6
"17",1,"World",2016,8.4,8.6,8.3
"18",1,"World",2017,8.2,8.5,8.1
"19",1,"World",2018,8,8.3,7.8
"20",8,"Albania",2002,0.8,1.3,0.4
"21",8,"Albania",2005,0.3,0.5,0.2
"22",8,"Albania",2008,0.1,0.2,0.1
"23",8,"Albania",2012,0.3,0.4,0.2
"24",9,"Oceania",2000,10.8,11.9,9.9
"25",9,"Oceania",2001,10.6,11.7,9.7
"26",9,"Oceania",2002,10.3,11.3,9.4
"27",9,"Oceania",2003,9.8,10.8,9.1
"28",9,"Oceania",2004,9.3,10.2,8.5
"29",9,"Oceania",2005,8.5,9.4,7.8
"30",9,"Oceania",2006,7.8,8.6,7.1
"31",9,"Oceania",2007,6.9,7.6,6.3
"32",9,"Oceania",2008,6.2,6.8,5.6
"33",9,"Oceania",2009,5.5,6.1,5
"34",9,"Oceania",2010,4.8,5.4,4.3
"35",9,"Oceania",2011,4.7,5.3,4.2
"36",9,"Oceania",2012,4.6,5.2,4.1
"37",9,"Oceania",2013,4.5,5.1,4.1
"38",9,"Oceania",2014,4.2,4.7,3.7
"39",9,"Oceania",2015,4,4.5,3.6
"40",9,"Oceania",2016,4,4.4,3.6
"41",9,"Oceania",2017,3.9,4.4,3.5
"42",9,"Oceania",2018,3.8,4.3,3.5
"43",12,"Algeria",2011,0.1,0.1,0.1
"44",15,"Northern Africa",2000,5.3,5.4,5.3
"45",15,"Northern Africa",2001,5,4.8,5
"46",15,"Northern Africa",2002,4.6,4.5,4.6
"47",15,"Northern Africa",2003,4.3,4.1,4.3
"48",15,"Northern Africa",2004,4.3,4,4.3
"49",15,"Northern Africa",2005,4.3,3.9,4.5
"50",15,"Northern Africa",2006,3.9,3.3,4
"51",15,"Northern Africa",2007,3.5,3,3.7
"52",15,"Northern Africa",2008,3.1,2.6,3.3
"53",15,"Northern Africa",2009,2.8,2.2,3
"54",15,"Northern Africa",2010,2.5,1.9,2.7
"55",15,"Northern Africa",2011,2.5,1.9,2.6
"56",15,"Northern Africa",2012,2.2,1.7,2.3
"57",15,"Northern Africa",2013,2,1.6,2.2
"58",15,"Northern Africa",2014,1.7,1.3,1.9
"59",15,"Northern Africa",2015,1.6,1.2,1.7
"60",15,"Northern Africa",2016,1.5,1.2,1.6
"61",15,"Northern Africa",2017,1.4,1.1,1.5
"62",15,"Northern Africa",2018,1.4,1.1,1.5
"63",24,"Angola",2000,27.9,29.7,26.2
"64",24,"Angola",2009,26.7,27.9,25.5
"65",30,"Eastern Asia",2000,33.2,33.9,32.7
"66",30,"Eastern Asia",2001,30.9,31.5,30.4
"67",30,"Eastern Asia",2002,28,28.6,27.6
"68",30,"Eastern Asia",2003,25,25.5,24.6
"69",30,"Eastern Asia",2004,21.1,21.5,20.8
"70",30,"Eastern Asia",2005,17.5,17.8,17.2
"71",30,"Eastern Asia",2006,15.6,15.9,15.4
"72",30,"Eastern Asia",2007,14.3,14.6,14.1
"73",30,"Eastern Asia",2008,14.2,14.6,13.9
"74",30,"Eastern Asia",2009,12.7,13.1,12.4
"75",30,"Eastern Asia",2010,11.5,11.9,11.2
"76",30,"Eastern Asia",2011,8.4,8.7,8.2
"77",30,"Eastern Asia",2012,7,7.3,6.8
"78",30,"Eastern Asia",2013,2.3,2.4,2.2
"79",30,"Eastern Asia",2014,1.8,1.8,1.7
"80",30,"Eastern Asia",2015,1.1,1.2,1.1
"81",30,"Eastern Asia",2016,1,1.1,1
"82",30,"Eastern Asia",2017,0.9,1,0.9
"83",30,"Eastern Asia",2018,0.9,0.9,0.8
"84",31,"Azerbaijan",2002,0.1,0.1,0.1
"85",31,"Azerbaijan",2003,0.1,0.1,0.1
"86",31,"Azerbaijan",2004,0.1,0.1,0.1
"87",31,"Azerbaijan",2005,0.1,0.1,0.1
"88",32,"Argentina",2000,3.1,3.1,3.1
"89",32,"Argentina",2001,6.2,6.4,6.1
"90",32,"Argentina",2002,10.1,10.4,9.9
"91",32,"Argentina",2003,4.2,4.1,4.2
"92",32,"Argentina",2004,2.8,2.8,2.9
"93",32,"Argentina",2005,1.6,1.6,1.6
"94",32,"Argentina",2006,1.2,1.1,1.2
"95",32,"Argentina",2007,0.8,0.8,0.8
"96",32,"Argentina",2008,0.6,0.6,0.7
"97",32,"Argentina",2009,0.7,0.7,0.7
"98",32,"Argentina",2010,0.3,0.3,0.3
"99",32,"Argentina",2011,0.2,0.2,0.2
"100",32,"Argentina",2012,0.2,0.2,0.2
"101",32,"Argentina",2013,0.2,0.2,0.2
"102",32,"Argentina",2014,0.2,0.2,0.2
"103",32,"Argentina",2016,0.2,0.2,0.1
"104",34,"Southern Asia",2000,37,43.1,35
"105",34,"Southern Asia",2001,36.3,42.2,34.3
"106",34,"Southern Asia",2002,35.4,41.1,33.5
"107",34,"Southern Asia",2003,34,39.5,32.2
"108",34,"Southern Asia",2004,32.5,37.7,30.7
"109",34,"Southern Asia",2005,30.9,35.8,29.3
"110",34,"Southern Asia",2006,29.4,33.6,27.9
"111",34,"Southern Asia",2007,27.9,31.5,26.6
"112",34,"Southern Asia",2008,26.8,30,25.8
"113",34,"Southern Asia",2009,25.3,27.8,24.5
"114",34,"Southern Asia",2010,23.8,25.8,23.2
"115",34,"Southern Asia",2011,20.3,22.2,19.7
"116",34,"Southern Asia",2012,17.1,19,16.5
"117",34,"Southern Asia",2013,16.2,18.1,15.6
"118",34,"Southern Asia",2014,15.3,17.1,14.7
"119",34,"Southern Asia",2015,14.3,16.1,13.8
"120",34,"Southern Asia",2016,13.5,15.2,12.9
"121",34,"Southern Asia",2017,12.6,14.3,12.1
"122",34,"Southern Asia",2018,11.8,13.4,11.3
"123",35,"South-Eastern Asia",2000,27.6,28.5,27
"124",35,"South-Eastern Asia",2001,26.1,27.1,25.4
"125",35,"South-Eastern Asia",2002,21.8,23.2,20.9
"126",35,"South-Eastern Asia",2003,19.6,20.7,18.8
"127",35,"South-Eastern Asia",2004,18.3,19,17.7
"128",35,"South-Eastern Asia",2005,16.4,17,16
"129",35,"South-Eastern Asia",2006,17.7,18,17.5
"130",35,"South-Eastern Asia",2007,15.4,15.7,15.2
"131",35,"South-Eastern Asia",2008,14.4,14.6,14.3
"132",35,"South-Eastern Asia",2009,11.4,11.3,11.4
"133",35,"South-Eastern Asia",2010,9.8,9.6,9.9
"134",35,"South-Eastern Asia",2011,8.8,8.6,8.9
"135",35,"South-Eastern Asia",2012,7.6,7.4,7.8
"136",35,"South-Eastern Asia",2013,6.8,6.6,6.9
"137",35,"South-Eastern Asia",2014,6,5.8,6.1
"138",35,"South-Eastern Asia",2015,5.3,5.2,5.4
"139",35,"South-Eastern Asia",2016,4.8,4.7,4.9
"140",35,"South-Eastern Asia",2017,4.2,4.1,4.3
"141",35,"South-Eastern Asia",2018,3.9,3.8,3.9
"142",50,"Bangladesh",2000,30.6,34.6,29.5
"143",50,"Bangladesh",2005,22.3,25.8,21.2
"144",50,"Bangladesh",2010,16.7,19.4,15.8
"145",50,"Bangladesh",2016,12.4,14.3,11.7
"146",51,"Armenia",2001,15.8,16.4,15.3
"147",51,"Armenia",2002,12,12.5,11.6
"148",51,"Armenia",2003,8.8,9.1,8.4
"149",51,"Armenia",2004,4.2,4.4,4
"150",51,"Armenia",2005,2.8,2.9,2.7
"151",51,"Armenia",2006,1.8,1.8,1.7
"152",51,"Armenia",2007,1.4,1.4,1.4
"153",51,"Armenia",2008,0.3,0.4,0.3
"154",51,"Armenia",2009,1,1.1,1
"155",51,"Armenia",2010,0.6,0.5,0.6
"156",51,"Armenia",2011,0.9,0.9,1
"157",51,"Armenia",2012,0.4,0.4,0.4
"158",51,"Armenia",2013,2,1.9,2.2
"159",51,"Armenia",2014,1,1,1.1
"160",51,"Armenia",2015,0.5,0.6,0.5
"161",51,"Armenia",2016,0.5,0.5,0.4
"162",62,"Central and Southern Asia",2000,37,42.6,35.1
"163",62,"Central and Southern Asia",2001,36.2,41.6,34.4
"164",62,"Central and Southern Asia",2002,35.3,40.5,33.5
"165",62,"Central and Southern Asia",2003,34,39,32.2
"166",62,"Central and Southern Asia",2004,32.4,37,30.7
"167",62,"Central and Southern Asia",2005,30.8,35.2,29.3
"168",62,"Central and Southern Asia",2006,29.2,33,27.9
"169",62,"Central and Southern Asia",2007,27.7,30.9,26.6
"170",62,"Central and Southern Asia",2008,26.7,29.3,25.8
"171",62,"Central and Southern Asia",2009,25.1,27.1,24.4
"172",62,"Central and Southern Asia",2010,23.6,25.1,23.2
"173",62,"Central and Southern Asia",2011,20.2,21.7,19.7
"174",62,"Central and Southern Asia",2012,17.1,18.6,16.6
"175",62,"Central and Southern Asia",2013,16.2,17.7,15.7
"176",62,"Central and Southern Asia",2014,15.3,16.8,14.8
"177",62,"Central and Southern Asia",2015,14.3,15.8,13.9
"178",62,"Central and Southern Asia",2016,13.5,15,13.1
"179",62,"Central and Southern Asia",2017,12.7,14.1,12.3
"180",62,"Central and Southern Asia",2018,11.9,13.3,11.4
"181",64,"Bhutan",2003,17.8,19.3,16.7
"182",64,"Bhutan",2007,9.3,10.3,8.6
"183",64,"Bhutan",2012,2.6,3.1,2.1
"184",64,"Bhutan",2017,1.8,2.2,1.5
"185",68,"Bolivia (Plurinational State of)",2000,26.3,26.5,26.1
"186",68,"Bolivia (Plurinational State of)",2001,20.9,21,20.8
"187",68,"Bolivia (Plurinational State of)",2002,23.5,23.8,23.3
"188",68,"Bolivia (Plurinational State of)",2004,12.7,13,12.4
"189",68,"Bolivia (Plurinational State of)",2005,18.2,19,17.7
"190",68,"Bolivia (Plurinational State of)",2006,15.2,15.8,14.8
"191",68,"Bolivia (Plurinational State of)",2007,11.5,11.7,11.4
"192",68,"Bolivia (Plurinational State of)",2008,10.3,10.6,10
"193",68,"Bolivia (Plurinational State of)",2009,9.2,9.6,8.8
"194",68,"Bolivia (Plurinational State of)",2011,6.6,7.4,6
"195",68,"Bolivia (Plurinational State of)",2012,7.3,8.1,6.8
"196",68,"Bolivia (Plurinational State of)",2013,6.6,7.4,6
"197",68,"Bolivia (Plurinational State of)",2014,6,6.6,5.5
"198",68,"Bolivia (Plurinational State of)",2015,6.2,6.6,5.9
"199",68,"Bolivia (Plurinational State of)",2016,7,7.8,6.4
"200",70,"Bosnia and Herzegovina",2001,0.1,0.1,0.1
"201",70,"Bosnia and Herzegovina",2004,0.1,0.1,0
"202",70,"Bosnia and Herzegovina",2007,0,0,0
"203",70,"Bosnia and Herzegovina",2011,0,0,0
"204",70,"Bosnia and Herzegovina",2015,0.1,0.1,0
"205",72,"Botswana",2003,23.8,26.3,22
"206",72,"Botswana",2009,13.9,15.5,12.7
"207",76,"Brazil",2001,7.5,7.4,7.5
"208",76,"Brazil",2002,6.9,6.6,7.1
"209",76,"Brazil",2003,7.4,7.3,7.5
"210",76,"Brazil",2004,5.9,5.5,6.1
"211",76,"Brazil",2005,5.2,5.1,5.4
"212",76,"Brazil",2006,4.2,4.1,4.4
"213",76,"Brazil",2007,3.8,3.7,3.8
"214",76,"Brazil",2008,2.9,2.9,3
"215",76,"Brazil",2009,2.7,2.6,2.8
"216",76,"Brazil",2011,2.1,2,2.2
"217",76,"Brazil",2012,1.6,1.4,1.7
"218",76,"Brazil",2013,1.2,1.1,1.3
"219",76,"Brazil",2014,0.7,0.6,0.7
"220",76,"Brazil",2015,0.8,0.8,0.9
"221",90,"Solomon Islands",2005,43,44,42.3
"222",90,"Solomon Islands",2013,23.8,24,23.7
"223",104,"Myanmar",2015,5.7,6.1,5.5
"224",108,"Burundi",2006,75.8,76.6,74.8
"225",108,"Burundi",2014,69.7,71.2,68
"226",112,"Belarus",2000,3.9,4.5,3.3
"227",112,"Belarus",2001,0.8,0.9,0.7
"228",112,"Belarus",2002,0.5,0.6,0.5
"229",112,"Belarus",2003,0.4,0.4,0.3
"230",112,"Belarus",2004,0.1,0.1,0.1
"231",112,"Belarus",2005,0.1,0.1,0.1
"232",112,"Belarus",2006,0,0,0
"233",112,"Belarus",2007,0,0,0
"234",112,"Belarus",2008,0.1,0.1,0.1
"235",112,"Belarus",2009,0,0,0
"236",112,"Belarus",2010,0.1,0.1,0.1
"237",112,"Belarus",2011,0.1,0.1,0.1
"238",112,"Belarus",2012,0.1,0.1,0.1
"239",112,"Belarus",2013,0.1,0.1,0.1
"240",112,"Belarus",2014,0.1,0.1,0.1
"241",112,"Belarus",2015,0.1,0.1,0.1
"242",112,"Belarus",2016,0.1,0.1,0.1
"243",116,"Cambodia",2004,58.6,58.8,58.4
"244",116,"Cambodia",2007,56.6,57,56.2
"245",116,"Cambodia",2008,47.7,48.1,47.3
"246",116,"Cambodia",2009,35,34.9,35
"247",116,"Cambodia",2010,36,36,36.1
"248",116,"Cambodia",2011,36,36,36
"249",120,"Cameroon",2001,22,25.2,19
"250",120,"Cameroon",2007,25,27.6,22.7
"251",120,"Cameroon",2014,20.9,23.8,18.4
"252",132,"Cabo Verde",2002,12.3,12.1,12.3
"253",132,"Cabo Verde",2007,5.4,5.3,5.4
"254",140,"Central African Republic",2003,64.3,65.1,63.6
"255",140,"Central African Republic",2008,65.9,67,64.9
"256",143,"Central Asia",2000,35.8,34.2,37
"257",143,"Central Asia",2001,35.1,33.3,36.4
"258",143,"Central Asia",2002,32.5,30.9,33.8
"259",143,"Central Asia",2003,32.7,31.3,33.7
"260",143,"Central Asia",2004,29.3,28.1,30.2
"261",143,"Central Asia",2005,28.1,26.7,29.2
"262",143,"Central Asia",2006,26.4,24.8,27.6
"263",143,"Central Asia",2007,24.8,22.9,26.2
"264",143,"Central Asia",2008,22.4,20.4,23.9
"265",143,"Central Asia",2009,20.5,18.4,22.1
"266",143,"Central Asia",2010,19.1,16.8,20.8
"267",143,"Central Asia",2011,17.9,15.5,19.7
"268",143,"Central Asia",2012,17.1,14.6,18.9
"269",143,"Central Asia",2013,16.4,13.9,18.3
"270",143,"Central Asia",2014,15.6,13.2,17.5
"271",143,"Central Asia",2015,15.2,12.7,17.1
"272",143,"Central Asia",2016,14.8,12.4,16.7
"273",143,"Central Asia",2017,14.6,12.2,16.5
"274",143,"Central Asia",2018,14.3,11.9,16.1
"275",144,"Sri Lanka",2002,6.5,6.2,6.6
"276",144,"Sri Lanka",2007,2.7,2.6,2.8
"277",144,"Sri Lanka",2010,1.6,1.5,1.7
"278",144,"Sri Lanka",2013,1.2,1.1,1.3
"279",144,"Sri Lanka",2016,0.2,0.2,0.2
"280",145,"Western Asia",2000,1.6,1.9,1.5
"281",145,"Western Asia",2001,1.5,1.9,1.4
"282",145,"Western Asia",2002,1.3,1.6,1.2
"283",145,"Western Asia",2003,1.9,2.1,1.9
"284",145,"Western Asia",2004,1.2,1.3,1.1
"285",145,"Western Asia",2005,1.3,1.5,1.3
"286",145,"Western Asia",2006,1,1.1,1
"287",145,"Western Asia",2007,0.9,1,0.9
"288",145,"Western Asia",2008,0.8,0.8,0.8
"289",145,"Western Asia",2009,0.7,0.8,0.7
"290",145,"Western Asia",2010,0.8,0.8,0.8
"291",145,"Western Asia",2011,1.4,0.9,1.5
"292",145,"Western Asia",2012,1.6,0.9,1.9
"293",145,"Western Asia",2013,2.2,1,2.6
"294",145,"Western Asia",2014,2.3,1,2.7
"295",145,"Western Asia",2015,3.1,1.1,3.8
"296",145,"Western Asia",2016,3.9,1.4,4.7
"297",145,"Western Asia",2017,4.4,1.5,5.3
"298",145,"Western Asia",2018,4.5,1.6,5.5
"299",148,"Chad",2003,62.3,62.9,61.7
"300",148,"Chad",2011,38.1,39.5,37
"301",152,"Chile",2000,2,1.5,2.2
"302",152,"Chile",2003,1.9,1.5,2.1
"303",152,"Chile",2006,0.6,0.5,0.7
"304",152,"Chile",2009,0.7,0.6,0.7
"305",152,"Chile",2011,0.4,0.4,0.4
"306",152,"Chile",2013,0.2,0.2,0.2
"307",152,"Chile",2015,0.3,0.3,0.3
"308",156,"China",2002,31.9,32.2,31.7
"309",156,"China",2005,19.7,19.9,19.6
"310",156,"China",2008,15.9,16.2,15.7
"311",156,"China",2010,12.8,13.2,12.5
"312",156,"China",2011,9.3,9.6,9.1
"313",156,"China",2012,7.6,7.9,7.4
"314",156,"China",2013,2.2,2.3,2.1
"315",156,"China",2014,1.6,1.7,1.5
"316",156,"China",2015,0.9,0.9,0.8
"317",170,"Colombia",2000,11.7,8.8,13.5
"318",170,"Colombia",2001,14.9,11.1,17.2
"319",170,"Colombia",2002,10.1,7.4,11.8
"320",170,"Colombia",2003,9.3,6.8,10.9
"321",170,"Colombia",2004,7.2,5.3,8.4
"322",170,"Colombia",2005,6.3,4.6,7.3
"323",170,"Colombia",2008,6.9,5.7,7.7
"324",170,"Colombia",2009,5.9,5.1,6.4
"325",170,"Colombia",2010,5,4.6,5.3
"326",170,"Colombia",2011,3.8,3.6,3.9
"327",170,"Colombia",2012,2.7,2.8,2.6
"328",170,"Colombia",2013,3.3,3.4,3.2
"329",170,"Colombia",2014,2.7,2.8,2.6
"330",170,"Colombia",2015,2.2,2.4,2.1
"331",170,"Colombia",2016,2.2,2.4,2.1
"332",174,"Comoros",2004,10.6,12.1,9.6
"333",174,"Comoros",2014,14.9,16.9,13.4
"334",178,"Congo",2005,49.6,53.2,46.2
"335",178,"Congo",2011,35.8,39.3,32.5
"336",180,"Democratic Republic of the Congo",2005,93.3,93.5,93
"337",180,"Democratic Republic of the Congo",2012,73.7,74.6,72.8
"338",188,"Costa Rica",2000,4.5,2.1,5.6
"339",188,"Costa Rica",2001,3.2,1.6,4
"340",188,"Costa Rica",2002,3,1.6,3.7
"341",188,"Costa Rica",2003,2.9,1.6,3.6
"342",188,"Costa Rica",2004,2.8,1.5,3.5
"343",188,"Costa Rica",2005,1.9,1,2.3
"344",188,"Costa Rica",2006,1.9,1.1,2.4
"345",188,"Costa Rica",2007,0.7,0.4,0.9
"346",188,"Costa Rica",2008,1.1,0.7,1.4
"347",188,"Costa Rica",2009,1.2,0.8,1.5
"348",188,"Costa Rica",2010,0.4,0.3,0.5
"349",188,"Costa Rica",2011,0.4,0.3,0.5
"350",188,"Costa Rica",2012,0.5,0.3,0.6
"351",188,"Costa Rica",2013,0.6,0.4,0.7
"352",188,"Costa Rica",2014,0.4,0.3,0.5
"353",188,"Costa Rica",2015,0.4,0.3,0.5
"354",188,"Costa Rica",2016,0.3,0.2,0.4
"355",199,"Least Developed Countries (LDCs)",2000,53,58.1,49.4
"356",199,"Least Developed Countries (LDCs)",2001,51.7,56.9,48.1
"357",199,"Least Developed Countries (LDCs)",2002,50.3,55.6,46.7
"358",199,"Least Developed Countries (LDCs)",2003,48.8,54,45.1
"359",199,"Least Developed Countries (LDCs)",2004,47,52.2,43.4
"360",199,"Least Developed Countries (LDCs)",2005,45.2,50.3,41.6
"361",199,"Least Developed Countries (LDCs)",2006,43.6,48.7,40.1
"362",199,"Least Developed Countries (LDCs)",2007,42.3,47.2,38.9
"363",199,"Least Developed Countries (LDCs)",2008,41.1,45.8,37.7
"364",199,"Least Developed Countries (LDCs)",2009,39.5,44,36.3
"365",199,"Least Developed Countries (LDCs)",2010,38.2,42.5,35.1
"366",199,"Least Developed Countries (LDCs)",2011,36.8,41,33.8
"367",199,"Least Developed Countries (LDCs)",2012,35.2,39.2,32.3
"368",199,"Least Developed Countries (LDCs)",2013,34.6,38.5,31.8
"369",199,"Least Developed Countries (LDCs)",2014,33.8,37.5,31.1
"370",199,"Least Developed Countries (LDCs)",2015,33.2,36.7,30.7
"371",199,"Least Developed Countries (LDCs)",2016,32.9,36.3,30.5
"372",199,"Least Developed Countries (LDCs)",2017,32.2,35.4,29.9
"373",199,"Least Developed Countries (LDCs)",2018,31.5,34.6,29.2
"374",202,"Sub-Saharan Africa",2000,54.7,56.3,53.3
"375",202,"Sub-Saharan Africa",2001,53.6,55.3,52.2
"376",202,"Sub-Saharan Africa",2002,52.9,54.6,51.4
"377",202,"Sub-Saharan Africa",2003,51.7,53.4,50.3
"378",202,"Sub-Saharan Africa",2004,50.1,51.8,48.7
"379",202,"Sub-Saharan Africa",2005,48.9,50.5,47.5
"380",202,"Sub-Saharan Africa",2006,47.9,49.5,46.5
"381",202,"Sub-Saharan Africa",2007,47,48.6,45.7
"382",202,"Sub-Saharan Africa",2008,46.3,47.7,45
"383",202,"Sub-Saharan Africa",2009,45.4,46.8,44.2
"384",202,"Sub-Saharan Africa",2010,44.5,46,43.3
"385",202,"Sub-Saharan Africa",2011,43.2,44.6,42
"386",202,"Sub-Saharan Africa",2012,41.7,43.1,40.5
"387",202,"Sub-Saharan Africa",2013,41.1,42.5,39.9
"388",202,"Sub-Saharan Africa",2014,40.3,41.6,39.1
"389",202,"Sub-Saharan Africa",2015,39.5,40.9,38.3
"390",202,"Sub-Saharan Africa",2016,39.2,40.5,38
"391",202,"Sub-Saharan Africa",2017,38.6,40,37.4
"392",202,"Sub-Saharan Africa",2018,38,39.3,36.8
"393",204,"Benin",2003,45,45.2,44.7
"394",204,"Benin",2011,46.9,37.4,55.9
"395",204,"Benin",2015,44.2,34.9,53.2
"396",214,"Dominican Republic",2000,3.9,2.7,4.5
"397",214,"Dominican Republic",2001,2.7,1.9,3
"398",214,"Dominican Republic",2002,4.4,3.2,5
"399",214,"Dominican Republic",2003,5.2,3.8,5.9
"400",214,"Dominican Republic",2004,6.8,5,7.7
"401",214,"Dominican Republic",2005,4.3,3.2,4.9
"402",214,"Dominican Republic",2006,3.3,2.5,3.8
"403",214,"Dominican Republic",2007,3.3,2.4,3.8
"404",214,"Dominican Republic",2008,2.9,2.2,3.2
"405",214,"Dominican Republic",2009,2.3,1.8,2.6
"406",214,"Dominican Republic",2010,1.9,1.5,2.1
"407",214,"Dominican Republic",2011,2.1,1.8,2.4
"408",214,"Dominican Republic",2012,1.9,1.5,2.1
"409",214,"Dominican Republic",2013,1.6,1.3,1.8
"410",214,"Dominican Republic",2014,1.6,1.3,1.7
"411",214,"Dominican Republic",2015,1.4,1.2,1.5
"412",214,"Dominican Republic",2016,1.1,0.9,1.1
"413",218,"Ecuador",2000,25.3,24.7,25.7
"414",218,"Ecuador",2003,12.9,12.2,13.4
"415",218,"Ecuador",2004,13.7,13.3,14
"416",218,"Ecuador",2005,11.2,10.5,11.6
"417",218,"Ecuador",2006,7.7,7.1,8.1
"418",218,"Ecuador",2007,8,7.5,8.2
"419",218,"Ecuador",2008,7.1,6.7,7.3
"420",218,"Ecuador",2009,6.8,6.6,6.9
"421",218,"Ecuador",2010,5.4,5.3,5.5
"422",218,"Ecuador",2011,4.7,4.6,4.7
"423",218,"Ecuador",2012,4.5,4.5,4.5
"424",218,"Ecuador",2013,3.4,3.4,3.4
"425",218,"Ecuador",2014,2.8,2.7,2.9
"426",218,"Ecuador",2015,3.7,3.7,3.7
"427",218,"Ecuador",2016,4,4.3,3.9
"428",222,"El Salvador",2000,9.1,5,12
"429",222,"El Salvador",2001,10.2,5.5,13.4
"430",222,"El Salvador",2002,10.7,6,14
"431",222,"El Salvador",2003,10.5,5.9,13.9
"432",222,"El Salvador",2004,7.9,4.3,10.4
"433",222,"El Salvador",2005,7.6,4.2,10
"434",222,"El Salvador",2006,4.5,2.5,5.9
"435",222,"El Salvador",2007,2.6,1.4,3.5
"436",222,"El Salvador",2008,4.5,2.5,6
"437",222,"El Salvador",2009,4.6,2.7,5.9
"438",222,"El Salvador",2010,3.5,2,4.5
"439",222,"El Salvador",2011,2.7,1.6,3.5
"440",222,"El Salvador",2012,2.9,1.8,3.8
"441",222,"El Salvador",2013,1.7,1,2.2
"442",222,"El Salvador",2014,1.3,0.8,1.7
"443",222,"El Salvador",2015,0.5,0.3,0.6
"444",222,"El Salvador",2016,0.7,0.4,1
"445",231,"Ethiopia",2000,53.6,54.1,53.2
"446",231,"Ethiopia",2005,35.9,36.3,35.5
"447",231,"Ethiopia",2011,32.9,33.3,32.5
"448",231,"Ethiopia",2016,26.3,26.9,25.8
"449",242,"Fiji",2003,2.8,3.2,2.5
"450",242,"Fiji",2009,2,2.2,1.9
"451",242,"Fiji",2013,0.3,0.4,0.3
"452",266,"Gabon",2005,5.5,7.9,4.2
"453",266,"Gabon",2017,1.8,2.9,1.2
"454",268,"Georgia",2002,10.1,9.4,10.8
"455",268,"Georgia",2003,10.5,9.3,11.5
"456",268,"Georgia",2004,10.2,9.4,10.9
"457",268,"Georgia",2005,10.7,10.2,11.2
"458",268,"Georgia",2006,10.4,9.9,10.8
"459",268,"Georgia",2007,11.7,10.9,12.4
"460",268,"Georgia",2008,10.7,10.6,10.7
"461",268,"Georgia",2009,8.9,9,8.8
"462",268,"Georgia",2010,11.4,11.6,11.3
"463",268,"Georgia",2011,9.9,9.8,10.1
"464",268,"Georgia",2012,7.6,7.2,7.9
"465",268,"Georgia",2013,5.8,5.6,6
"466",268,"Georgia",2014,4.5,4.1,4.8
"467",268,"Georgia",2015,3.3,3,3.5
"468",268,"Georgia",2016,3.4,3.1,3.6
"469",270,"Gambia",2003,40.8,42.8,39.4
"470",270,"Gambia",2010,21.9,23.4,20.9
"471",270,"Gambia",2015,8.7,9.3,8.3
"472",275,"State of Palestine",2004,0.3,0.3,0.3
"473",275,"State of Palestine",2005,0.2,0.2,0.2
"474",275,"State of Palestine",2006,0.1,0.1,0.1
"475",275,"State of Palestine",2007,0.4,0.4,0.4
"476",275,"State of Palestine",2009,0.1,0.1,0.1
"477",275,"State of Palestine",2010,0,0,0
"478",275,"State of Palestine",2011,0.1,0,0.1
"479",275,"State of Palestine",2017,0.2,0.2,0.2
"480",288,"Ghana",2006,21.5,22.9,20.2
"481",288,"Ghana",2013,9.7,10.6,8.8
"482",320,"Guatemala",2000,6.7,5.3,7.5
"483",320,"Guatemala",2006,6,7.8,5
"484",320,"Guatemala",2014,4.9,6.7,4
"485",324,"Guinea",2002,64.9,68.5,61.5
"486",324,"Guinea",2007,62.3,66,58.7
"487",324,"Guinea",2012,38.7,41.9,35.6
"488",332,"Haiti",2012,22.7,25,20.8
"489",340,"Honduras",2001,16.2,9.8,19.6
"490",340,"Honduras",2002,18.8,11.8,22.4
"491",340,"Honduras",2003,23,15.4,26.9
"492",340,"Honduras",2004,22.1,14.6,25.9
"493",340,"Honduras",2005,21.6,14.2,25.3
"494",340,"Honduras",2006,17.9,10.7,21.4
"495",340,"Honduras",2007,13.2,7.5,15.9
"496",340,"Honduras",2008,12.6,7.5,15.1
"497",340,"Honduras",2009,10.4,6.2,12.6
"498",340,"Honduras",2010,11.6,7.2,13.9
"499",340,"Honduras",2011,13.2,8.1,15.8
"500",340,"Honduras",2012,15.7,9.9,18.6
"501",340,"Honduras",2013,13.8,8.8,16.4
"502",340,"Honduras",2014,12.3,8.2,14.5
"503",340,"Honduras",2015,12.6,8.4,15
"504",340,"Honduras",2016,12.4,8.4,14.6
"505",356,"India",2005,35.1,39.7,33.5
"506",356,"India",2010,28,30.1,27.4
"507",356,"India",2012,19.5,21.6,18.9
"508",360,"Indonesia",2000,36.4,37.9,35.5
"509",360,"Indonesia",2001,32.8,34.4,31.9
"510",360,"Indonesia",2002,21.9,23.2,21.2
"511",360,"Indonesia",2003,21.1,22.3,20.4
"512",360,"Indonesia",2004,22.1,23.6,21.4
"513",360,"Indonesia",2005,19.4,20.7,18.7
"514",360,"Indonesia",2006,25,26.7,24.1
"515",360,"Indonesia",2007,20.7,21.7,20.1
"516",360,"Indonesia",2008,19.7,20.5,19.3
"517",360,"Indonesia",2009,16.9,17.5,16.6
"518",360,"Indonesia",2010,14.7,15.1,14.5
"519",360,"Indonesia",2011,12.5,12.7,12.4
"520",360,"Indonesia",2012,10.3,10.4,10.2
"521",360,"Indonesia",2013,8.9,9,8.8
"522",360,"Indonesia",2014,7.6,7.7,7.6
"523",360,"Indonesia",2015,6.9,6.9,6.8
"524",360,"Indonesia",2016,6.3,6.3,6.2
"525",360,"Indonesia",2017,5.7,5.7,5.7
"526",364,"Iran (Islamic Republic of)",2005,0.1,0.1,0.1
"527",364,"Iran (Islamic Republic of)",2006,0.1,0.1,0.1
"528",364,"Iran (Islamic Republic of)",2009,0.2,0.2,0.3
"529",364,"Iran (Islamic Republic of)",2013,0,0,0
"530",364,"Iran (Islamic Republic of)",2014,0.1,0.1,0.1
"531",368,"Iraq",2007,0.5,0.4,0.6
"532",368,"Iraq",2012,0.6,0.4,0.7
"533",384,"Côte d'Ivoire",2002,23.2,25.7,21.8
"534",384,"Côte d'Ivoire",2008,28.4,31.3,26.7
"535",384,"Côte d'Ivoire",2015,27.2,29.8,25.5
"536",388,"Jamaica",2002,1,1,1
"537",388,"Jamaica",2004,0.4,0.4,0.4
"538",398,"Kazakhstan",2001,8.2,6.9,9.3
"539",398,"Kazakhstan",2002,5,4.1,5.9
"540",398,"Kazakhstan",2003,3.1,2.5,3.7
"541",398,"Kazakhstan",2004,1.1,0.9,1.3
"542",398,"Kazakhstan",2006,0.2,0.1,0.2
"543",398,"Kazakhstan",2007,0.1,0.1,0.1
"544",398,"Kazakhstan",2008,0,0,0
"545",398,"Kazakhstan",2009,0,0,0.1
"546",398,"Kazakhstan",2010,0,0,0
"547",398,"Kazakhstan",2011,0,0,0
"548",398,"Kazakhstan",2012,0,0,0
"549",398,"Kazakhstan",2013,0,0,0
"550",398,"Kazakhstan",2014,0,0,0
"551",398,"Kazakhstan",2015,0,0,0
"552",400,"Jordan",2003,0.9,0.6,0.9
"553",400,"Jordan",2006,0.3,0.2,0.4
"554",400,"Jordan",2008,0.1,0.1,0.2
"555",400,"Jordan",2010,0.1,0.1,0.2
"556",404,"Kenya",2016,32.3,33.7,31
"557",410,"Republic of Korea",2006,0,0,0
"558",410,"Republic of Korea",2008,0,0,0
"559",410,"Republic of Korea",2010,0,0,0
"560",410,"Republic of Korea",2012,0,0,0
"561",417,"Kyrgyzstan",2000,37,35.1,38.5
"562",417,"Kyrgyzstan",2001,31.6,29.2,33.5
"563",417,"Kyrgyzstan",2002,29.5,27.9,30.7
"564",417,"Kyrgyzstan",2003,23.9,21.5,25.7
"565",417,"Kyrgyzstan",2004,10.9,9.2,12.2
"566",417,"Kyrgyzstan",2005,12.6,10,14.4
"567",417,"Kyrgyzstan",2006,7.7,5.9,9.1
"568",417,"Kyrgyzstan",2007,7.6,5.7,9.1
"569",417,"Kyrgyzstan",2008,2.4,1.7,2.9
"570",417,"Kyrgyzstan",2009,0.7,0.5,0.8
"571",417,"Kyrgyzstan",2010,2.2,1.6,2.7
"572",417,"Kyrgyzstan",2011,0.5,0.3,0.6
"573",417,"Kyrgyzstan",2012,1.2,0.8,1.5
"574",417,"Kyrgyzstan",2013,1.7,1.3,2
"575",417,"Kyrgyzstan",2014,0.3,0.2,0.4
"576",417,"Kyrgyzstan",2015,1,0.7,1.2
"577",417,"Kyrgyzstan",2016,0.3,0.2,0.4
"578",418,"Lao People's Democratic Republic",2002,32.9,32.3,33.4
"579",418,"Lao People's Democratic Republic",2007,26.4,25.7,27.1
"580",418,"Lao People's Democratic Republic",2012,22.3,21.4,23.2
"581",419,"Latin America and the Caribbean",2000,8.9,7.9,9.4
"582",419,"Latin America and the Caribbean",2001,8.6,7.9,9.1
"583",419,"Latin America and the Caribbean",2002,8.3,7.7,8.7
"584",419,"Latin America and the Caribbean",2003,7.6,7,8
"585",419,"Latin America and the Caribbean",2004,6.8,6.2,7.1
"586",419,"Latin America and the Caribbean",2005,6.6,6.2,6.8
"587",419,"Latin America and the Caribbean",2006,5.2,5,5.3
"588",419,"Latin America and the Caribbean",2007,4.6,4.5,4.7
"589",419,"Latin America and the Caribbean",2008,4.2,4.1,4.3
"590",419,"Latin America and the Caribbean",2009,3.9,3.9,3.9
"591",419,"Latin America and the Caribbean",2010,3.5,3.5,3.5
"592",419,"Latin America and the Caribbean",2011,3.2,3.2,3.2
"593",419,"Latin America and the Caribbean",2012,2.8,2.9,2.8
"594",419,"Latin America and the Caribbean",2013,2.7,2.7,2.6
"595",419,"Latin America and the Caribbean",2014,2.4,2.5,2.4
"596",419,"Latin America and the Caribbean",2015,2.3,2.3,2.3
"597",419,"Latin America and the Caribbean",2016,2.3,2.4,2.2
"598",419,"Latin America and the Caribbean",2017,2.3,2.3,2.2
"599",419,"Latin America and the Caribbean",2018,2.2,2.3,2.2
"600",422,"Lebanon",2012,0.1,0.1,0.1
"601",426,"Lesotho",2003,50.2,48.5,51.5
"602",426,"Lesotho",2010,48.7,47.2,49.8
"603",430,"Liberia",2007,69.2,71.3,67.2
"604",430,"Liberia",2014,39.7,42,37.5
"605",432,"Landlocked developing countries (LLDCs)",2000,48.2,48.8,47.7
"606",432,"Landlocked developing countries (LLDCs)",2001,46.4,46.9,46
"607",432,"Landlocked developing countries (LLDCs)",2002,44.7,45.2,44.3
"608",432,"Landlocked developing countries (LLDCs)",2003,43,43.4,42.6
"609",432,"Landlocked developing countries (LLDCs)",2004,40.7,41.2,40.3
"610",432,"Landlocked developing countries (LLDCs)",2005,38.9,39.3,38.5
"611",432,"Landlocked developing countries (LLDCs)",2006,37.7,38,37.4
"612",432,"Landlocked developing countries (LLDCs)",2007,36.6,36.9,36.4
"613",432,"Landlocked developing countries (LLDCs)",2008,35.4,35.7,35.2
"614",432,"Landlocked developing countries (LLDCs)",2009,34,34.3,33.7
"615",432,"Landlocked developing countries (LLDCs)",2010,32.4,32.8,32.1
"616",432,"Landlocked developing countries (LLDCs)",2011,31.1,31.5,30.8
"617",432,"Landlocked developing countries (LLDCs)",2012,30.1,30.6,29.7
"618",432,"Landlocked developing countries (LLDCs)",2013,29.7,30.2,29.2
"619",432,"Landlocked developing countries (LLDCs)",2014,28.9,29.4,28.4
"620",432,"Landlocked developing countries (LLDCs)",2015,28.3,28.9,27.8
"621",432,"Landlocked developing countries (LLDCs)",2016,27.9,28.5,27.3
"622",432,"Landlocked developing countries (LLDCs)",2017,27.2,27.9,26.7
"623",432,"Landlocked developing countries (LLDCs)",2018,26.5,27.2,25.9
"624",450,"Madagascar",2001,64.7,66,63.5
"625",450,"Madagascar",2005,68.5,69.7,67.4
"626",450,"Madagascar",2010,76.2,77.2,75.2
"627",450,"Madagascar",2012,74.8,75.9,73.7
"628",454,"Malawi",2004,69.7,73,66.6
"629",454,"Malawi",2010,68.2,71.6,65.2
"630",458,"Malaysia",2004,0.1,0.1,0.1
"631",458,"Malaysia",2007,0.1,0.2,0.1
"632",458,"Malaysia",2008,0.1,0.2,0.1
"633",458,"Malaysia",2011,0,0,0
"634",458,"Malaysia",2013,0,0,0
"635",458,"Malaysia",2015,0,0,0
"636",462,"Maldives",2003,6.8,7.8,6.4
"637",462,"Maldives",2010,4.9,5.9,4.5
"638",466,"Mali",2001,58.4,60.6,56.6
"639",466,"Mali",2006,51,53.7,49
"640",466,"Mali",2010,49.6,52.2,47.7
"641",478,"Mauritania",2000,15.7,17.6,14.9
"642",478,"Mauritania",2004,11,12.4,10.4
"643",478,"Mauritania",2008,7.7,8.8,7.2
"644",478,"Mauritania",2014,3.4,3.9,3.2
"645",480,"Mauritius",2007,0.1,0.1,0.1
"646",480,"Mauritius",2012,0.1,0.2,0.1
"647",484,"Mexico",2000,6.8,3.9,8.2
"648",484,"Mexico",2002,4.8,2.8,5.8
"649",484,"Mexico",2004,3.7,2.2,4.5
"650",484,"Mexico",2005,4.5,3.1,5.3
"651",484,"Mexico",2006,2.2,1.7,2.5
"652",484,"Mexico",2008,2.8,2.6,2.9
"653",484,"Mexico",2010,2.8,3.2,2.6
"654",484,"Mexico",2012,2.2,2.5,2
"655",484,"Mexico",2014,2.7,3.1,2.5
"656",484,"Mexico",2016,1.4,1.6,1.3
"657",496,"Mongolia",2002,7.5,7.5,7.5
"658",496,"Mongolia",2008,0.3,0.3,0.3
"659",496,"Mongolia",2010,0.2,0.2,0.2
"660",496,"Mongolia",2011,0.1,0.1,0.1
"661",496,"Mongolia",2012,0.1,0.1,0.1
"662",496,"Mongolia",2014,0.1,0.1,0.1
"663",496,"Mongolia",2016,0.1,0.1,0.1
"664",498,"Republic of Moldova",2000,30.2,35.2,24.7
"665",498,"Republic of Moldova",2001,22.7,26.7,18.2
"666",498,"Republic of Moldova",2002,12.9,15.6,10
"667",498,"Republic of Moldova",2003,4.9,6.1,3.6
"668",498,"Republic of Moldova",2004,5.8,7.3,4.3
"669",498,"Republic of Moldova",2005,10.4,13,7.8
"670",498,"Republic of Moldova",2006,0.6,0.8,0.4
"671",498,"Republic of Moldova",2007,0.3,0.4,0.2
"672",498,"Republic of Moldova",2008,0.3,0.4,0.2
"673",498,"Republic of Moldova",2009,0.3,0.4,0.2
"674",498,"Republic of Moldova",2010,0.1,0.2,0.1
"675",498,"Republic of Moldova",2011,0.1,0.1,0
"676",498,"Republic of Moldova",2012,0.1,0.1,0.1
"677",498,"Republic of Moldova",2013,0,0,0
"678",498,"Republic of Moldova",2014,0.1,0.1,0.1
"679",498,"Republic of Moldova",2015,0,0,0
"680",498,"Republic of Moldova",2016,0,0.1,0
"681",499,"Montenegro",2005,0.1,0.1,0
"682",499,"Montenegro",2006,0,0.1,0
"683",499,"Montenegro",2007,0.1,0.1,0.1
"684",499,"Montenegro",2008,0.1,0.1,0
"685",499,"Montenegro",2009,0.1,0.1,0.1
"686",499,"Montenegro",2010,0.1,0.1,0.1
"687",499,"Montenegro",2011,0.1,0.1,0
"688",499,"Montenegro",2012,0.3,0.5,0.2
"689",499,"Montenegro",2013,0.3,0.4,0.2
"690",499,"Montenegro",2014,0.1,0.1,0.1
"691",504,"Morocco",2001,5.2,5.5,5.1
"692",504,"Morocco",2007,2.4,2.5,2.4
"693",504,"Morocco",2014,0.6,0.6,0.6
"694",508,"Mozambique",2003,78.4,80.6,75.8
"695",508,"Mozambique",2009,66.8,69.4,63.9
"696",508,"Mozambique",2014,60.4,63.8,56.7
"697",516,"Namibia",2004,23.7,26.7,21.3
"698",516,"Namibia",2010,15.8,17.9,13.9
"699",516,"Namibia",2015,7.7,9,6.6
"700",524,"Nepal",2003,41.2,40.9,41.5
"701",524,"Nepal",2010,12.6,12.9,12.4
"702",543,"Oceania (exc. Australia and New Zealand)",2000,47.5,50.5,44.9
"703",543,"Oceania (exc. Australia and New Zealand)",2001,46.9,50.1,44.2
"704",543,"Oceania (exc. Australia and New Zealand)",2002,46.1,49.3,43.3
"705",543,"Oceania (exc. Australia and New Zealand)",2003,44.8,48.1,41.9
"706",543,"Oceania (exc. Australia and New Zealand)",2004,42.9,46.3,40.1
"707",543,"Oceania (exc. Australia and New Zealand)",2005,40.5,43.9,37.7
"708",543,"Oceania (exc. Australia and New Zealand)",2006,37.8,41.1,35.1
"709",543,"Oceania (exc. Australia and New Zealand)",2007,34.2,37.4,31.6
"710",543,"Oceania (exc. Australia and New Zealand)",2008,31.6,34.7,29
"711",543,"Oceania (exc. Australia and New Zealand)",2009,28.6,31.6,26
"712",543,"Oceania (exc. Australia and New Zealand)",2010,25.6,28.5,23.1
"713",543,"Oceania (exc. Australia and New Zealand)",2011,25,27.9,22.6
"714",543,"Oceania (exc. Australia and New Zealand)",2012,24.2,27,21.8
"715",543,"Oceania (exc. Australia and New Zealand)",2013,23.6,26.3,21.2
"716",543,"Oceania (exc. Australia and New Zealand)",2014,21.7,24.3,19.5
"717",543,"Oceania (exc. Australia and New Zealand)",2015,20.9,23.4,18.7
"718",543,"Oceania (exc. Australia and New Zealand)",2016,20.5,23,18.4
"719",543,"Oceania (exc. Australia and New Zealand)",2017,20.2,22.6,18.1
"720",543,"Oceania (exc. Australia and New Zealand)",2018,19.7,22.1,17.6
"721",558,"Nicaragua",2001,14.1,9.4,16.4
"722",558,"Nicaragua",2005,12.6,7.6,15.4
"723",562,"Niger",2005,71.7,71.2,72.1
"724",562,"Niger",2007,68.7,68.2,69.1
"725",562,"Niger",2011,47,46.9,47
"726",562,"Niger",2014,41.3,41,41.5
"727",566,"Nigeria",2004,46.7,43,49.6
"728",566,"Nigeria",2010,48,47.1,48.7
"729",586,"Pakistan",2002,24.5,27.5,23.9
"730",586,"Pakistan",2005,15.2,17.6,14.7
"731",586,"Pakistan",2006,13.7,15.9,13.3
"732",586,"Pakistan",2008,11,12.7,10.6
"733",586,"Pakistan",2011,6.8,7.8,6.5
"734",586,"Pakistan",2012,6.4,7.4,6.2
"735",586,"Pakistan",2014,4.8,5.6,4.6
"736",586,"Pakistan",2016,3.1,3.6,2.9
"737",591,"Panama",2000,8.7,5.8,10.3
"738",591,"Panama",2001,11.5,8.1,13.4
"739",591,"Panama",2002,7.8,5.5,9.1
"740",591,"Panama",2003,7.8,5.5,9.1
"741",591,"Panama",2004,7,4.8,8.2
"742",591,"Panama",2005,6.9,4.9,8
"743",591,"Panama",2006,7.2,5,8.5
"744",591,"Panama",2007,4.8,3.3,5.7
"745",591,"Panama",2008,4.2,2.7,5.1
"746",591,"Panama",2009,1.1,0.7,1.3
"747",591,"Panama",2010,2.1,1.4,2.5
"748",591,"Panama",2011,0.8,0.5,1
"749",591,"Panama",2012,1.8,1.2,2.2
"750",591,"Panama",2013,0.8,0.5,0.9
"751",591,"Panama",2014,1.4,1,1.6
"752",591,"Panama",2015,0.5,0.4,0.6
"753",591,"Panama",2016,0.6,0.4,0.6
"754",598,"Papua New Guinea",2010,34.6,36.7,32.6
"755",600,"Paraguay",2001,4,3.1,4.5
"756",600,"Paraguay",2002,9.6,8,10.6
"757",600,"Paraguay",2003,5.3,4.4,5.9
"758",600,"Paraguay",2004,3.3,2.8,3.7
"759",600,"Paraguay",2005,3.5,2.8,3.9
"760",600,"Paraguay",2006,5,3.8,5.7
"761",600,"Paraguay",2007,4.9,3.7,5.7
"762",600,"Paraguay",2008,1.8,1.3,2.1
"763",600,"Paraguay",2009,3.2,2.4,3.8
"764",600,"Paraguay",2010,2.8,2,3.2
"765",600,"Paraguay",2011,3.3,2.4,3.8
"766",600,"Paraguay",2012,2.2,2,2.3
"767",600,"Paraguay",2013,0.5,0.4,0.5
"768",600,"Paraguay",2014,0.6,0.5,0.7
"769",600,"Paraguay",2015,0.5,0.4,0.5
"770",600,"Paraguay",2016,0.4,0.4,0.5
"771",604,"Peru",2000,16.2,16.3,16.2
"772",604,"Peru",2001,17,17.8,16.4
"773",604,"Peru",2002,15.3,16,14.8
"774",604,"Peru",2003,10.8,11.6,10.2
"775",604,"Peru",2004,14.2,15,13.5
"776",604,"Peru",2005,15.8,17,14.8
"777",604,"Peru",2006,16,17,15.2
"778",604,"Peru",2007,12,12.9,11.3
"779",604,"Peru",2008,10.1,10.9,9.5
"780",604,"Peru",2009,8.3,9,7.7
"781",604,"Peru",2010,6.5,7.2,5.9
"782",604,"Peru",2011,6.1,6.8,5.6
"783",604,"Peru",2012,5.6,6.1,5.1
"784",604,"Peru",2013,5.1,5.6,4.6
"785",604,"Peru",2014,4.4,4.9,4
"786",604,"Peru",2015,4.2,4.6,3.8
"787",604,"Peru",2016,4.1,4.7,3.7
"788",608,"Philippines",2000,11.8,10.1,12.8
"789",608,"Philippines",2003,10.7,9.1,11.7
"790",608,"Philippines",2006,12.1,10.2,13.2
"791",608,"Philippines",2009,8.5,7.1,9.4
"792",608,"Philippines",2012,9.6,8.1,10.6
"793",608,"Philippines",2015,6.4,5.2,7.1
"794",624,"Guinea-Bissau",2002,50.5,51.4,49.6
"795",624,"Guinea-Bissau",2010,63.7,64.9,62.6
"796",626,"Timor-Leste",2001,40.6,38.8,41.5
"797",626,"Timor-Leste",2007,42.5,41.1,43.2
"798",626,"Timor-Leste",2014,25.7,25.1,25.9
"799",643,"Russian Federation",2000,0.6,0.6,0.6
"800",643,"Russian Federation",2001,0.3,0.3,0.3
"801",643,"Russian Federation",2002,0.2,0.2,0.2
"802",643,"Russian Federation",2003,0.2,0.2,0.2
"803",643,"Russian Federation",2004,0.2,0.2,0.2
"804",643,"Russian Federation",2005,0.1,0.1,0.1
"805",643,"Russian Federation",2006,0.1,0.1,0.1
"806",643,"Russian Federation",2007,0,0,0
"807",643,"Russian Federation",2008,0,0,0
"808",643,"Russian Federation",2009,0,0,0
"809",643,"Russian Federation",2010,0,0,0
"810",643,"Russian Federation",2011,0,0,0
"811",643,"Russian Federation",2012,0,0,0
"812",643,"Russian Federation",2013,0,0,0
"813",643,"Russian Federation",2014,0,0,0
"814",643,"Russian Federation",2015,0,0,0
"815",646,"Rwanda",2000,75.5,76.3,74.7
"816",646,"Rwanda",2006,64.8,65.9,63.6
"817",646,"Rwanda",2011,58.9,60,57.7
"818",646,"Rwanda",2014,52,53.1,50.9
"819",686,"Senegal",2001,50.7,53.4,49.4
"820",686,"Senegal",2006,39.9,43.4,38.1
"821",686,"Senegal",2011,39,42.4,37.1
"822",688,"Serbia",2002,0.2,0.1,0.2
"823",688,"Serbia",2003,0.4,0.3,0.4
"824",688,"Serbia",2004,0.6,0.4,0.7
"825",688,"Serbia",2005,0.5,0.4,0.6
"826",688,"Serbia",2006,0.2,0.2,0.3
"827",688,"Serbia",2007,0.2,0.1,0.2
"828",688,"Serbia",2008,0.1,0,0.1
"829",688,"Serbia",2009,0,0,0
"830",688,"Serbia",2010,0.1,0.1,0.1
"831",688,"Serbia",2013,0.1,0.1,0.1
"832",688,"Serbia",2015,0,0,0
"833",694,"Sierra Leone",2003,62.7,65.7,59.6
"834",694,"Sierra Leone",2011,53.4,56.5,50.3
"835",704,"Viet Nam",2002,40.7,41.6,39.8
"836",704,"Viet Nam",2004,24.9,26,24
"837",704,"Viet Nam",2006,18.4,19.2,17.7
"838",704,"Viet Nam",2008,16.3,16.7,15.9
"839",704,"Viet Nam",2010,4.9,5.1,4.7
"840",704,"Viet Nam",2012,3.3,3.4,3.2
"841",704,"Viet Nam",2014,3.1,3.3,3
"842",704,"Viet Nam",2016,2.3,2.5,2.2
"843",710,"South Africa",2001,16.2,20.8,12.9
"844",710,"South Africa",2005,11.6,13.8,10
"845",710,"South Africa",2009,4.4,4.7,4.2
"846",710,"South Africa",2010,6.2,6.4,6.1
"847",710,"South Africa",2015,6.1,6.3,6
"848",716,"Zimbabwe",2011,19.1,19.7,18.5
"849",722,"Small island developing States (SIDS)",2000,13.9,16.5,12.2
"850",722,"Small island developing States (SIDS)",2001,13.5,16.1,11.8
"851",722,"Small island developing States (SIDS)",2002,13.5,15.9,11.9
"852",722,"Small island developing States (SIDS)",2003,13.3,15.6,11.8
"853",722,"Small island developing States (SIDS)",2004,13.1,15.3,11.7
"854",722,"Small island developing States (SIDS)",2005,12.2,14.3,10.8
"855",722,"Small island developing States (SIDS)",2006,11.5,13.5,10.1
"856",722,"Small island developing States (SIDS)",2007,10.8,12.6,9.5
"857",722,"Small island developing States (SIDS)",2008,10.3,12,9.1
"858",722,"Small island developing States (SIDS)",2009,9.8,11.5,8.6
"859",722,"Small island developing States (SIDS)",2010,9.3,11,8.2
"860",722,"Small island developing States (SIDS)",2011,9.3,10.8,8.1
"861",722,"Small island developing States (SIDS)",2012,9.2,10.8,8
"862",722,"Small island developing States (SIDS)",2013,9,10.6,7.8
"863",722,"Small island developing States (SIDS)",2014,8.7,10.2,7.6
"864",722,"Small island developing States (SIDS)",2015,8.4,9.9,7.4
"865",722,"Small island developing States (SIDS)",2016,8.3,9.8,7.3
"866",722,"Small island developing States (SIDS)",2017,8.3,9.7,7.2
"867",722,"Small island developing States (SIDS)",2018,8.1,9.6,7.1
"868",729,"Sudan",2009,10.6,6.7,11.6
"869",747,"Northern Africa and Western Asia",2000,3.3,3.2,3.3
"870",747,"Northern Africa and Western Asia",2001,3.1,3,3.1
"871",747,"Northern Africa and Western Asia",2002,2.8,2.7,2.8
"872",747,"Northern Africa and Western Asia",2003,3,2.9,3
"873",747,"Northern Africa and Western Asia",2004,2.6,2.4,2.6
"874",747,"Northern Africa and Western Asia",2005,2.7,2.5,2.8
"875",747,"Northern Africa and Western Asia",2006,2.3,2,2.4
"876",747,"Northern Africa and Western Asia",2007,2.1,1.9,2.2
"877",747,"Northern Africa and Western Asia",2008,1.8,1.6,1.9
"878",747,"Northern Africa and Western Asia",2009,1.7,1.3,1.8
"879",747,"Northern Africa and Western Asia",2010,1.6,1.3,1.7
"880",747,"Northern Africa and Western Asia",2011,1.8,1.3,2
"881",747,"Northern Africa and Western Asia",2012,1.9,1.2,2.1
"882",747,"Northern Africa and Western Asia",2013,2.1,1.3,2.4
"883",747,"Northern Africa and Western Asia",2014,2.1,1.1,2.3
"884",747,"Northern Africa and Western Asia",2015,2.5,1.2,2.9
"885",747,"Northern Africa and Western Asia",2016,2.9,1.3,3.4
"886",747,"Northern Africa and Western Asia",2017,3.1,1.3,3.7
"887",747,"Northern Africa and Western Asia",2018,3.2,1.4,3.8
"888",753,"Eastern and South-Eastern Asia",2000,32,32.8,31.3
"889",753,"Eastern and South-Eastern Asia",2001,29.8,30.6,29.2
"890",753,"Eastern and South-Eastern Asia",2002,26.6,27.5,26
"891",753,"Eastern and South-Eastern Asia",2003,23.8,24.5,23.2
"892",753,"Eastern and South-Eastern Asia",2004,20.5,21,20.1
"893",753,"Eastern and South-Eastern Asia",2005,17.2,17.6,16.9
"894",753,"Eastern and South-Eastern Asia",2006,16.1,16.4,15.9
"895",753,"Eastern and South-Eastern Asia",2007,14.6,14.9,14.4
"896",753,"Eastern and South-Eastern Asia",2008,14.2,14.6,14
"897",753,"Eastern and South-Eastern Asia",2009,12.4,12.7,12.2
"898",753,"Eastern and South-Eastern Asia",2010,11.1,11.3,10.9
"899",753,"Eastern and South-Eastern Asia",2011,8.5,8.7,8.4
"900",753,"Eastern and South-Eastern Asia",2012,7.1,7.3,7
"901",753,"Eastern and South-Eastern Asia",2013,3.4,3.4,3.4
"902",753,"Eastern and South-Eastern Asia",2014,2.8,2.8,2.8
"903",753,"Eastern and South-Eastern Asia",2015,2.2,2.2,2.2
"904",753,"Eastern and South-Eastern Asia",2016,2,2,2
"905",753,"Eastern and South-Eastern Asia",2017,1.8,1.8,1.8
"906",753,"Eastern and South-Eastern Asia",2018,1.7,1.6,1.7
"907",760,"Syrian Arab Republic",2004,0.4,0.2,0.5
"908",762,"Tajikistan",2003,28,27.5,28.3
"909",762,"Tajikistan",2004,13.5,12.8,13.9
"910",762,"Tajikistan",2007,9.3,8.3,9.8
"911",762,"Tajikistan",2009,3.8,3.5,4
"912",762,"Tajikistan",2015,4.5,4.2,4.7
"913",764,"Thailand",2000,2.2,2.2,2.2
"914",764,"Thailand",2002,0.9,0.9,0.9
"915",764,"Thailand",2004,0.5,0.5,0.5
"916",764,"Thailand",2006,0.5,0.5,0.5
"917",764,"Thailand",2007,0.2,0.2,0.2
"918",764,"Thailand",2008,0.1,0.1,0.1
"919",764,"Thailand",2009,0,0,0
"920",764,"Thailand",2010,0.1,0.1,0.1
"921",764,"Thailand",2011,0.1,0.1,0.1
"922",764,"Thailand",2012,0.1,0.1,0.1
"923",764,"Thailand",2013,0,0,0
"924",764,"Thailand",2014,0,0,0
"925",764,"Thailand",2015,0,0,0
"926",768,"Togo",2006,52.5,51.9,53.1
"927",768,"Togo",2011,44.4,43.8,45
"928",768,"Togo",2015,42.8,42.1,43.4
"929",788,"Tunisia",2000,2,1.7,2
"930",788,"Tunisia",2005,0.8,0.7,0.8
"931",788,"Tunisia",2010,0.5,0.4,0.5
"932",792,"Turkey",2002,0.9,0.8,0.9
"933",792,"Turkey",2003,2.5,2.2,2.6
"934",792,"Turkey",2004,1,0.9,1.1
"935",792,"Turkey",2005,1.3,1.2,1.4
"936",792,"Turkey",2006,0.5,0.5,0.5
"937",792,"Turkey",2007,0.4,0.3,0.4
"938",792,"Turkey",2008,0.2,0.2,0.2
"939",792,"Turkey",2009,0.2,0.2,0.2
"940",792,"Turkey",2010,0.2,0.2,0.2
"941",792,"Turkey",2011,0.1,0.1,0.1
"942",792,"Turkey",2012,0.1,0.1,0.1
"943",792,"Turkey",2013,0.1,0.1,0.1
"944",792,"Turkey",2014,0.1,0.1,0.1
"945",792,"Turkey",2015,0.1,0.1,0.1
"946",792,"Turkey",2016,0.1,0.1,0.1
"947",800,"Uganda",2000,62.6,64.6,60.9
"948",800,"Uganda",2002,60.6,62.8,58.6
"949",800,"Uganda",2005,51.8,54.2,49.5
"950",800,"Uganda",2009,39.8,42.4,37.5
"951",800,"Uganda",2012,32.4,34.8,30.3
"952",800,"Uganda",2017,37.8,40.4,35.5
"953",804,"Ukraine",2002,0.4,0.5,0.4
"954",804,"Ukraine",2003,0.2,0.2,0.1
"955",804,"Ukraine",2004,0.1,0.2,0.1
"956",804,"Ukraine",2005,0.1,0.1,0.1
"957",804,"Ukraine",2006,0,0,0
"958",804,"Ukraine",2007,0,0,0
"959",804,"Ukraine",2008,0,0,0
"960",804,"Ukraine",2009,0,0,0
"961",804,"Ukraine",2010,0.1,0.1,0.1
"962",804,"Ukraine",2011,0.1,0.1,0.1
"963",804,"Ukraine",2012,0.1,0.1,0.1
"964",804,"Ukraine",2013,0.1,0.1,0.1
"965",804,"Ukraine",2014,0,0,0
"966",804,"Ukraine",2015,0,0,0
"967",804,"Ukraine",2016,0,0,0
"968",807,"North Macedonia",2000,1.8,2.5,1.3
"969",807,"North Macedonia",2002,0.4,0.5,0.3
"970",807,"North Macedonia",2003,0.3,0.4,0.2
"971",807,"North Macedonia",2004,0.2,0.3,0.1
"972",807,"North Macedonia",2005,0.4,0.5,0.2
"973",807,"North Macedonia",2006,0.7,1,0.5
"974",807,"North Macedonia",2008,0.2,0.2,0.1
"975",818,"Egypt",2000,0.9,0.8,1
"976",818,"Egypt",2005,3.1,2.6,3.2
"977",818,"Egypt",2008,2.9,2.4,3
"978",818,"Egypt",2011,2,1.8,2.1
"979",818,"Egypt",2013,1.4,1.3,1.4
"980",818,"Egypt",2015,0.5,0.5,0.5
"981",834,"United Republic of Tanzania",2000,83.1,84.4,81.9
"982",834,"United Republic of Tanzania",2007,56.1,58.2,54
"983",834,"United Republic of Tanzania",2012,45.1,47.2,43.1
"984",854,"Burkina Faso",2003,56.2,59,54
"985",854,"Burkina Faso",2009,53.4,56.4,51.2
"986",854,"Burkina Faso",2014,41.1,44.8,38.2
"987",858,"Uruguay",2000,0.1,0.1,0.1
"988",858,"Uruguay",2001,0.1,0.1,0.1
"989",858,"Uruguay",2002,0.1,0.1,0.1
"990",858,"Uruguay",2003,0.2,0.2,0.2
"991",858,"Uruguay",2004,0.2,0.2,0.2
"992",858,"Uruguay",2005,0.2,0.2,0.2
"993",858,"Uruguay",2006,0.1,0.1,0.1
"994",858,"Uruguay",2007,0.1,0.1,0.1
"995",858,"Uruguay",2008,0,0,0
"996",858,"Uruguay",2009,0.1,0.1,0.1
"997",858,"Uruguay",2010,0,0,0
"998",858,"Uruguay",2011,0,0,0
"999",858,"Uruguay",2012,0,0,0
"1000",858,"Uruguay",2013,0,0,0
"1001",858,"Uruguay",2014,0,0,0
"1002",858,"Uruguay",2015,0,0,0
"1003",858,"Uruguay",2016,0,0,0
"1004",860,"Uzbekistan",2000,55.8,56.8,55.1
"1005",860,"Uzbekistan",2002,52.2,52.5,51.9
"1006",860,"Uzbekistan",2003,56.2,57.2,55.4
"1007",862,"Venezuela (Bolivarian Republic of)",2001,8,7.1,8.6
"1008",862,"Venezuela (Bolivarian Republic of)",2002,14.3,12.8,15.1
"1009",862,"Venezuela (Bolivarian Republic of)",2003,18.3,16.6,19.2
"1010",862,"Venezuela (Bolivarian Republic of)",2004,15.6,14.2,16.5
"1011",862,"Venezuela (Bolivarian Republic of)",2005,15,13.6,15.8
"1012",862,"Venezuela (Bolivarian Republic of)",2006,7.4,6.6,8
"1013",887,"Yemen",2005,5.8,4.2,6.1
"1014",887,"Yemen",2014,13.5,10.7,13.7
"1015",894,"Zambia",2003,46.2,47.3,45.2
"1016",894,"Zambia",2005,53.3,55,51.7
"1017",894,"Zambia",2007,57.1,58.7,55.6
"1018",894,"Zambia",2010,60.7,62.4,59.1
"1019",894,"Zambia",2015,53.8,55.7,51.9
